UserID,Username,Password
U001,user001,Pass@001
U002,user002,Pass@002
U003,user003,Pass@003
U004,user004,Pass@004
U005,user005,Pass@005
U006,user006,Pass@006
U007,user007,Pass@007
U008,user008,Pass@008
U009,user009,Pass@009
U010,user010,Pass@010
U011,user011,Pass@011
U012,user012,Pass@012
U013,user013,Pass@013
U014,user014,Pass@014
U015,user015,Pass@015
U016,user016,Pass@016
U017,user017,Pass@017
U018,user018,Pass@018
U019,user019,Pass@019
U020,user020,Pass@020
U021,user021,Pass@021
U022,user022,Pass@022
U023,user023,Pass@023
U024,user024,Pass@024
U025,user025,Pass@025
U026,user026,Pass@026
U027,user027,Pass@027
U028,user028,Pass@028
U029,user029,Pass@029
U030,user030,Pass@030
U031,user031,Pass@031
U032,user032,Pass@032
U033,user033,Pass@033
U034,user034,Pass@034
U035,user035,Pass@035
U036,user036,Pass@036
U037,user037,Pass@037
U038,user038,Pass@038
U039,user039,Pass@039
U040,user040,Pass@040
U041,user041,Pass@041
U042,user042,Pass@042
U043,user043,Pass@043
U044,user044,Pass@044
U045,user045,Pass@045
U046,user046,Pass@046
U047,user047,Pass@047
U048,user048,Pass@048
U049,user049,Pass@049
U050,user050,Pass@050
